<?xml version="1.0" encoding="UTF-8"?>
<definitions xmlns="http://www.omg.org/spec/BPMN/20100524/MODEL" xmlns:xsi="http://www.w3.org/2001/XMLSchema-instance" xmlns:xsd="http://www.w3.org/2001/XMLSchema" xmlns:activiti="http://activiti.org/bpmn" xmlns:bpmndi="http://www.omg.org/spec/BPMN/20100524/DI" xmlns:omgdc="http://www.omg.org/spec/DD/20100524/DC" xmlns:omgdi="http://www.omg.org/spec/DD/20100524/DI" typeLanguage="http://www.w3.org/2001/XMLSchema" expressionLanguage="http://www.w3.org/1999/XPath" targetNamespace="http://www.activiti.org/processdef">
  <process id="noob" name="noob" isExecutable="true">
    <startEvent id="startEvent1"></startEvent>
    <userTask id="sid-4D2EC2F4-A88B-4295-907B-E7A90C85F5EC" name="noob审批" activiti:assignee="noob">
      <extensionElements>
        <modeler:initiator-can-complete xmlns:modeler="http://activiti.com/modeler"><![CDATA[false]]></modeler:initiator-can-complete>
      </extensionElements>
    </userTask>
    <sequenceFlow id="sid-B78B7561-6C13-4335-B598-8CF9BDBBCD6E" sourceRef="startEvent1" targetRef="sid-4D2EC2F4-A88B-4295-907B-E7A90C85F5EC"></sequenceFlow>
    <userTask id="sid-E50A018B-EED8-4DF1-9DD4-D19EE4641F4D" name="highping审批" activiti:assignee="highping">
      <extensionElements>
        <modeler:initiator-can-complete xmlns:modeler="http://activiti.com/modeler"><![CDATA[false]]></modeler:initiator-can-complete>
      </extensionElements>
    </userTask>
    <sequenceFlow id="sid-E3231D03-4310-4934-B6BA-B7C339A71851" sourceRef="sid-4D2EC2F4-A88B-4295-907B-E7A90C85F5EC" targetRef="sid-E50A018B-EED8-4DF1-9DD4-D19EE4641F4D"></sequenceFlow>
    <endEvent id="sid-9615FC80-A743-44E1-9240-77611F58A6FD"></endEvent>
    <sequenceFlow id="sid-C80A8338-3C80-485D-839E-62CC9A2242DA" sourceRef="sid-E50A018B-EED8-4DF1-9DD4-D19EE4641F4D" targetRef="sid-9615FC80-A743-44E1-9240-77611F58A6FD"></sequenceFlow>
  </process>
  <bpmndi:BPMNDiagram id="BPMNDiagram_noob">
    <bpmndi:BPMNPlane bpmnElement="noob" id="BPMNPlane_noob">
      <bpmndi:BPMNShape bpmnElement="startEvent1" id="BPMNShape_startEvent1">
        <omgdc:Bounds height="30.0" width="30.0" x="100.0" y="163.0"></omgdc:Bounds>
      </bpmndi:BPMNShape>
      <bpmndi:BPMNShape bpmnElement="sid-4D2EC2F4-A88B-4295-907B-E7A90C85F5EC" id="BPMNShape_sid-4D2EC2F4-A88B-4295-907B-E7A90C85F5EC">
        <omgdc:Bounds height="80.0" width="100.0" x="175.0" y="138.0"></omgdc:Bounds>
      </bpmndi:BPMNShape>
      <bpmndi:BPMNShape bpmnElement="sid-E50A018B-EED8-4DF1-9DD4-D19EE4641F4D" id="BPMNShape_sid-E50A018B-EED8-4DF1-9DD4-D19EE4641F4D">
        <omgdc:Bounds height="80.0" width="100.0" x="320.0" y="138.0"></omgdc:Bounds>
      </bpmndi:BPMNShape>
      <bpmndi:BPMNShape bpmnElement="sid-9615FC80-A743-44E1-9240-77611F58A6FD" id="BPMNShape_sid-9615FC80-A743-44E1-9240-77611F58A6FD">
        <omgdc:Bounds height="28.0" width="28.0" x="465.0" y="164.0"></omgdc:Bounds>
      </bpmndi:BPMNShape>
      <bpmndi:BPMNEdge bpmnElement="sid-C80A8338-3C80-485D-839E-62CC9A2242DA" id="BPMNEdge_sid-C80A8338-3C80-485D-839E-62CC9A2242DA">
        <omgdi:waypoint x="420.0" y="178.0"></omgdi:waypoint>
        <omgdi:waypoint x="465.0" y="178.0"></omgdi:waypoint>
      </bpmndi:BPMNEdge>
      <bpmndi:BPMNEdge bpmnElement="sid-B78B7561-6C13-4335-B598-8CF9BDBBCD6E" id="BPMNEdge_sid-B78B7561-6C13-4335-B598-8CF9BDBBCD6E">
        <omgdi:waypoint x="130.0" y="178.0"></omgdi:waypoint>
        <omgdi:waypoint x="175.0" y="178.0"></omgdi:waypoint>
      </bpmndi:BPMNEdge>
      <bpmndi:BPMNEdge bpmnElement="sid-E3231D03-4310-4934-B6BA-B7C339A71851" id="BPMNEdge_sid-E3231D03-4310-4934-B6BA-B7C339A71851">
        <omgdi:waypoint x="275.0" y="178.0"></omgdi:waypoint>
        <omgdi:waypoint x="320.0" y="178.0"></omgdi:waypoint>
      </bpmndi:BPMNEdge>
    </bpmndi:BPMNPlane>
  </bpmndi:BPMNDiagram>
</definitions>